Tên danh mục,Liên kết,Mã danh mục
Trang Điểm Môi,https://hasaki.vn/danh-muc/trang-diem-moi-c24.html,24
Mặt Nạ,https://hasaki.vn/danh-muc/mat-na-c30.html,30
Trang Điểm Mặt,https://hasaki.vn/danh-muc/trang-diem-mat-c52.html,52
Sữa Rửa Mặt,https://hasaki.vn/danh-muc/sua-rua-mat-c19.html,19
Dầu Gội Và Dầu Xả,https://hasaki.vn/danh-muc/dau-goi-va-dau-xa-c2144.html,2144
Trang Điểm Mắt,https://hasaki.vn/danh-muc/trang-diem-vung-mat-c50.html,50
Chống Nắng Da Mặt,https://hasaki.vn/danh-muc/chong-nang-da-mat-c11.html,11
Sữa Tắm,https://hasaki.vn/danh-muc/sua-tam-xa-bong-tam-c26.html,26
Tẩy Trang Mặt,https://hasaki.vn/danh-muc/tay-trang-mat-c48.html,48
Dưỡng Thể,https://hasaki.vn/danh-muc/duong-the-c1897.html,1897
Chăm Sóc Răng Miệng,https://hasaki.vn/danh-muc/cham-soc-rang-mieng-c323.html,323
Nước Hoa,https://hasaki.vn/danh-muc/nuoc-hoa-c103.html,103
Khử Mùi,https://hasaki.vn/danh-muc/khu-mui-c1899.html,1899
Chăm Sóc Phụ Nữ,https://hasaki.vn/danh-muc/ve-sinh-phu-nu-c1901.html,1901
Serum / Dầu Dưỡng Tóc,https://hasaki.vn/danh-muc/dau-xit-duong-toc-c102.html,102
